# Native startup index; rows follow PACKAGEINFO unit order.
322	Rangers
55	FlatSB
1	System
0	SysInit
3	Windows
2	Types
54	WinHelpViewer
15	HelpIntfs
14	Contnrs
10	RTLConsts
13	Math
4	SysConst
5	SysUtils
12	Classes
6	Messages
9	Variants
8	VarUtils
11	TypInfo
7	ActiveX
53	ActnList
56	Forms
33	Printers
18	Consts
32	WinSpool
19	Graphics
17	CommCtrl
46	StdActns
45	Clipbrd
44	StrUtils
28	ShellAPI
52	Controls
51	Themes
50	ComCtrls
49	ComStrs
48	ExtActns
47	Mapi
31	StdCtrls
22	Menus
20	ImgList
36	Dialogs
37	ExtCtrls
35	Dlgs
34	CommDlg
29	ShlObj
27	RegStr
26	WinInet
25	UrlMon
43	ExtDlgs
42	Buttons
41	Registry
40	IniFiles
24	UxTheme
23	SyncObjs
39	RichEdit
38	ToolWin
30	ListActns
16	MultiMon
21	Imm
315	CheatCode
295	fGoodsShop
282	aPlanet
280	aNormalShip
59	GlobalsV
289	aPlayer
276	aKling
319	SE_Space
188	SE_Weapon
87	GR_Sound
85	EC_Cache
159	GR_Main
70	EC_Buf
69	CrcUnit
63	EC_Struct
161	aMyFunction
160	EC_Str
60	EC_Mem
57	MMSystem
68	EC_File
67	EC_HsFile
58	DebugMsg
66	EC_OKGF
65	EC_BlockPar
64	EC_Expression
158	aPacket
106	GI_MessageLoop
89	GR_Music
88	EC_CPUTime
74	EC_Thread
75	EC_FileStream
73	GR_AMStream
90	GR_Demo
105	GI_Window
157	GI_Main
72	GR_GraphBuf
71	GR_GraphBufPal
61	GR_DirectX
156	GI_XviD
155	GI_PolyLine
135	GI_Circle
91	GR_Rect
93	GI_Panel
154	GI_PSPhaser
99	GI_GAI
101	GI_Image
100	GI_GraphBuf
80	GR_gi
82	EC_CacheGI
76	EC_Data
77	EC_CacheBitmap
98	GI_GI
97	GI_AImage
95	GI_TransImage
78	EC_CacheTBitmap
94	GI_SimpleImage
96	GI_AlphaImage
79	EC_CacheAlphaBitmap
81	EC_CacheGAI
142	GI_PSWeapon
110	EC_CacheRotateBuf
83	EC_CachePalBitmap
84	EC_CachePlanetTempl
127	EC_CacheLightPal
153	GI_PSDefibrillator
152	GI_PSSubmesonicCannon
151	GI_PSWind
150	GI_PSEyes
149	GI_Lightning
148	GI_LaserCannonRay
147	GI_HeavyLaser
146	GI_PSLaser
145	GI_PSRocket
144	GI_PSRay2
143	GI_PSRay
141	GI_SpaceImg
140	GI_SpaceCircle
139	GI_StarFieldImg
138	GI_StarFieldM
137	GI_StarField
136	GI_ShrLight
133	GI_Frame
132	GI_Line
134	GI_Grid
104	GI_Label
103	EC_CacheFont
107	GI_ScrollBar
108	GI_PanelScrollBar
131	GI_RadioGroup
130	GI_CheckBox
129	GI_PlanetButton
128	GI_Planet
126	GI_StatusBar
125	GI_CountBar
122	GI_GraphButton
124	GI_Edit
123	GI_Zone
121	GI_TextButton
120	GI_SimpleButton
119	GI_Door
118	GI_MultiImage
117	GI_avi
116	GI_GAIFile
115	GI_InfiniteImage
114	GI_RotateImage5
113	EC_CacheHSAI
112	GI_RotateImage2
111	GI_RotateImage
109	GI_SBPath
102	GI_Cursor
92	GR_RectEx
62	GR_DirectX3D8
86	EC_CacheSound
187	SE_Ruins
312	SE_Process
316	aGalaxy
191	SE_Sputnik
306	Globals
275	aScript
209	aRuins
193	aAsteroid
285	aEFilm
265	fStarMap
283	aEObjInfo
286	aItem
205	aTranclucator
290	SE_Ship2
250	ab_Tex
317	aConst
278	aWarrior
277	aGroup
279	aPirate
281	aTransport
288	aRanger
204	aArtifact
198	aQuestCPDiapClass
195	aQuestValueListClass
163	EC_CacheBuf
194	aArtifactTextFieldClass
199	aQuestParameterClass
197	aQuestParViewStringClass
203	aArtifactPathClass
196	aQuestParameterDeltaClass
202	aArtifactLocationClass
201	aQuestCalcParseClass
200	aQuestCPVarClass
287	aShip
190	SE_Hole
254	fScore
253	ExceptionInfo
164	PrintGameState
167	GI_MessageBox
210	aEFilmEnd
189	SE_Gate
206	aCalc
266	ThreadCalc
218	aRuinsSB
269	aRuinsWB
263	aRuinsPB
219	aRuinsRC
212	aPath
318	SE_Planet
264	SE_Star
251	ab_Obj3D
185	GI_Tail
184	SE_Container
183	SE_Anim
192	SE_Asteroid
214	aSaveLoad
213	fFilmFile
260	fShip2
268	fEquipmentShop
215	fPanelRuins
211	fSaveManager
186	SE_Laser
267	fPanelPlanet
262	fPanelMain
216	fRating
217	fRewards
165	fGalaxy
207	aVector
166	GI_PolyFill
261	fGalaxy2
221	ab_Global
246	ab_Ship
255	ab_MainForm
244	abWall
168	ab_ShipWall
257	ab_StopLine
249	ab_Polygon
224	ab_WorldImage
256	ab_WorldLine
225	ab_Zone
258	ab_Object
242	ab_ShipAI
247	ab_Space
259	ab_Item
241	ab_W
240	ab_W15
239	ab_W14
238	ab_W13
237	ab_W12
236	ab_W11
235	ab_W10
234	ab_W09
233	ab_W08
232	ab_W07
231	ab_W06
230	ab_W05
229	ab_W04
228	ab_W03
227	ab_W02
226	ab_W01
245	ab_Hit
248	fTalk
223	fLoad
222	fCommand
220	GI_CountBox
284	fFilm
274	aScriptFun
273	fGov
272	fPlanetQuest
271	fHangar
270	fRuinsTalk
162	EC_Ether
305	fAbout
304	fInfo
303	fGameEnd
302	fCfgSettings
301	fGameMenu
291	fIntroduction
300	fGameLoad
299	fDebugMusic
298	fJump
297	fMainForm
292	fGameSettings
296	fScaner
294	fPlanetNO
293	fPlanet
169	SE_Garbage
170	aRelation
311	SE_Meteorite
174	GI_Track
310	SE_Angel
309	SE_Comet
308	SE_BGObj
307	SE_StarsField
175	GI_dabWeapon14
178	GI_dabWeaponLine
171	GI_PSWeapon06
173	GI_PSWeapon13
172	GI_PSWeapon09
176	GI_PSWeapon08
180	GI_PSWeapon03
177	GI_PSWeapon02
179	GI_PSWeapon01
181	GI_PSWeapon14
313	GI_PSWeapon10
182	SE_SoundRnd
252	GI_AlphaBuf
243	ab_Fast
208	sb_W01
314	GR_RectWin
320	GR_DXBuf
321	EC_FileEx
