# Delphi 7 physical contribution order, witnessed by native startup addresses.
# Address is the initialization/finalization witness, not a contribution start.
# pool: identical empty contributions use a consistent assignment in
# PACKAGEINFO name order; their emitted bytes are interchangeable.
004068D0	System	owned
00406B00	SysInit	owned
00406B78	Types	owned
00407984	Windows	owned
00407CA4	SysConst	owned
0040E2C8	SysUtils	owned
0040E4C8	Messages	owned
0040ECBC	VarUtils	owned
0041161C	Variants	owned
00411828	RTLConsts	owned
00411FF0	TypInfo	owned
00412058	ActiveX	owned
0041B728	Classes	owned
0041BAF4	Consts	owned
00424640	Graphics	owned
00424BD0	Math	owned
00424E88	Contnrs	owned
00424F7C	CommCtrl	owned
004256FC	MultiMon	owned
0042573C	Imm	owned
00426724	HelpIntfs	owned
0042676C	WinSpool	owned
004267A4	Printers	owned
00426AC8	FlatSB	owned
00426C74	SyncObjs	owned
004275F8	UxTheme	owned
00427668	RichEdit	owned
004276A0	ToolWin	owned
004276D8	ShellAPI	owned
00427710	RegStr	owned
00427748	WinInet	owned
00427780	UrlMon	owned
004277B8	ShlObj	owned
004277F0	CommDlg	owned
00427828	Dlgs	owned
00428AD4	Dialogs	owned
00429CA4	ExtCtrls	owned
00429D1C	ComStrs	owned
00429D54	Clipbrd	owned
00429DE8	StrUtils	owned
00429EB8	Buttons	owned
00429F18	ExtDlgs	owned
00429F68	IniFiles	owned
00429FD0	Registry	owned
0042A034	Mapi	owned
0042A08C	ExtActns	owned
0042A0E4	ListActns	owned
0042A21C	ComCtrls	owned
0042AC5C	Themes	owned
0042C9F8	StdCtrls	owned
0042CB60	StdActns	owned
0042D7E4	WinHelpViewer	owned
0043E0B0	Controls	owned
0043F3E0	ActnList	owned
00440AE8	ImgList	owned
00447064	Menus	owned
00453370	Forms	owned
00453438	MMSystem	owned
004536A8	DebugMsg	owned
004538D0	GlobalsV	owned
00453F18	EC_Mem	owned
00455BDC	GR_DirectX	owned
00455D0C	GR_DirectX3D8	owned
00456068	EC_Struct	owned
004560A0	GR_AMStream	pool
0045653C	EC_FileStream	owned
00464DAC	EC_Expression	owned
004674BC	EC_BlockPar	owned
004688F8	GR_Demo	owned
00468FC4	GR_Rect	owned
00468FFC	GR_RectEx	pool
00469CA4	GI_Panel	owned
00469F48	EC_CacheBitmap	owned
0046A960	GI_SimpleImage	owned
0046AC58	EC_CacheTBitmap	owned
0046B638	GI_TransImage	owned
0046BB98	EC_CacheAlphaBitmap	owned
0046C824	GI_AlphaImage	owned
0046D66C	GR_gi	owned
0046D8B8	EC_CacheGI	owned
0046E5EC	GI_GI	owned
0046EC34	EC_CacheGAI	owned
0046F764	GI_GraphBuf	owned
004705A4	GI_Image	owned
00472BE4	GI_GAI	owned
004732A8	GI_AImage	owned
00474C88	EC_CacheFont	owned
00477720	GI_Label	owned
0047AA84	GI_ScrollBar	owned
0047B7FC	GI_PanelScrollBar	owned
0047C42C	GI_Window	owned
0047CD60	GI_SBPath	owned
0047CFBC	EC_CachePalBitmap	owned
0047D410	EC_CacheRotateBuf	owned
0047DC8C	GI_RotateImage	owned
0047E6F8	GI_RotateImage2	owned
0047EA14	EC_CacheHSAI	owned
0047F560	GI_RotateImage5	owned
0047F9F8	GI_InfiniteImage	owned
0048101C	GI_GAIFile	owned
00481710	GI_avi	owned
00482478	GI_MultiImage	owned
00482A0C	GI_Door	owned
00483048	GI_SimpleButton	owned
004845BC	GI_TextButton	owned
00486650	GI_GraphButton	owned
00486CF8	GI_Zone	owned
004886F0	GI_Edit	owned
00489574	GI_CountBar	owned
00489E28	GI_StatusBar	owned
0048A360	EC_CacheLightPal	owned
0048A6BC	EC_CachePlanetTempl	owned
0048BFF8	GI_Planet	owned
0048C4E8	GI_PlanetButton	owned
0048CB84	GI_CheckBox	owned
0048D1F0	GI_RadioGroup	owned
0048D508	GI_Line	owned
0048DAFC	GI_Frame	owned
004903B4	GI_Grid	owned
00491090	GI_Circle	owned
00491618	GI_ShrLight	owned
0049241C	GI_StarField	owned
0049316C	GI_StarFieldM	owned
0049416C	GI_StarFieldImg	owned
00494DC4	GI_SpaceCircle	owned
00495998	GI_SpaceImg	owned
00495B6C	GI_PSWeapon	owned
00496BF0	GI_PSRay	owned
004987DC	GI_PSRay2	owned
00499E8C	GI_PSRocket	owned
0049ACB0	GI_PSLaser	owned
0049BE70	GI_HeavyLaser	owned
0049D3C8	GI_LaserCannonRay	owned
0049ECA0	GI_Lightning	owned
004A0310	GI_PSEyes	owned
004A15B0	GI_PSWind	owned
004A2838	GI_PSSubmesonicCannon	owned
004A3A9C	GI_PSDefibrillator	owned
004A4BC4	GI_PSPhaser	owned
004A5BF8	GI_PolyLine	owned
004A68BC	GI_XviD	owned
004A8554	GI_Main	owned
004A8804	GI_Cursor	owned
004AD210	GI_MessageLoop	owned
004ADAF0	EC_CPUTime	owned
004ADB30	EC_OKGF	owned
004B0398	EC_HsFile	owned
004B0574	aPacket	owned
004B843C	GR_Main	owned
004B87D4	EC_CacheSound	owned
004B957C	EC_Cache	owned
004BA470	EC_Data	owned
004BB5E0	GR_Music	owned
004BE0D4	GR_Sound	owned
004BE6C0	EC_Thread	owned
004C0804	GR_GraphBuf	owned
004C0B2C	GR_GraphBufPal	owned
004C0BCC	CrcUnit	owned
004C1E60	EC_Buf	owned
004C2760	EC_File	owned
004C3E54	EC_Str	owned
004C5538	aMyFunction	owned
004C59F4	EC_Ether	owned
004C5C48	EC_CacheBuf	owned
004C5C80	PrintGameState	pool
004C5CB8	fGalaxy	pool
004C5CF0	GI_PolyFill	pool
004C6664	GI_MessageBox	owned
004C669C	ab_ShipWall	pool
004C66D4	SE_Garbage	pool
004C670C	aRelation	pool
004C7374	GI_PSWeapon06	owned
004C8BA4	GI_PSWeapon09	owned
004C966C	GI_PSWeapon13	owned
004C96A4	GI_Track	pool
004C96DC	GI_dabWeapon14	pool
004CA140	GI_PSWeapon08	owned
004CAC30	GI_PSWeapon02	owned
004CAC68	GI_dabWeaponLine	pool
004CB7C0	GI_PSWeapon01	owned
004CB7F8	GI_PSWeapon03	pool
004CB830	GI_PSWeapon14	pool
004CBF30	SE_SoundRnd	owned
004CC3F4	SE_Anim	owned
004CCFE0	GI_Tail	owned
004CDABC	SE_Gate	owned
004CE378	SE_Laser	owned
004CFDE4	aVector	owned
004CFE1C	GI_PSWeapon10	pool
004CFFC8	aArtifactTextFieldClass	owned
004D07F8	aQuestValueListClass	owned
004D0BB0	aQuestParameterDeltaClass	owned
004D0D38	aQuestParViewStringClass	owned
004D191C	aQuestCPDiapClass	owned
004D21E4	aQuestParameterClass	owned
004D634C	aQuestCalcParseClass	owned
004D666C	aQuestCPVarClass	owned
004D714C	aArtifactLocationClass	owned
004D7858	aArtifactPathClass	owned
004D78D0	aCalc	owned
004D7964	fDebugMusic	owned
004D8944	aTranclucator	owned
004D897C	GI_AlphaBuf	pool
004D96DC	ExceptionInfo	owned
004DE440	fScore	owned
004DFBDC	ab_Global	owned
004E03A0	ab_Tex	owned
004E0AD8	ab_Obj3D	owned
004E180C	aGroup	owned
004E3E44	aWarrior	owned
004E491C	aSaveLoad	owned
004EFB68	Globals	owned
004F0480	ab_W01	owned
004F0988	ab_W02	owned
004F0DE0	ab_W03	owned
004F14C0	ab_W04	owned
004F1B88	ab_W05	owned
004F2000	ab_W06	owned
004F263C	ab_W07	owned
004F2BDC	ab_W08	owned
004F3258	ab_W09	owned
004F39D0	ab_W10	owned
004F4078	ab_W11	owned
004F4610	ab_W12	owned
004F4B9C	ab_W13	owned
004F4FF4	ab_W14	owned
004F55C0	ab_W15	owned
004F7408	ab_W	owned
004F9520	ab_ShipAI	owned
004F9558	ab_Fast	pool
004F9CA4	abWall	owned
004FBA4C	ab_Ship	owned
004FC600	ab_Polygon	owned
0050958C	ab_MainForm	owned
0050A144	ab_Item	owned
0050AB28	ab_Hit	owned
0050BAA0	ab_Object	owned
0050E9F4	ab_Space	owned
0051041C	ab_Zone	owned
00512110	ab_StopLine	owned
00512780	ab_WorldImage	owned
00512BD0	ab_WorldLine	owned
00515598	aPlayer	owned
00515C80	fAbout	owned
00516A8C	fRewards	owned
0051B838	fRating	owned
0051F174	fInfo	owned
005207C8	aRuinsWB	owned
00521EA8	aRuinsSB	owned
00523788	aRuinsPB	owned
0052B800	fRuinsTalk	owned
00535CAC	aScriptFun	owned
0053D1C8	aScript	owned
00543538	fPlanetQuest	owned
00543E24	fGameEnd	owned
00548250	aKling	owned
0054DCCC	fCfgSettings	owned
0054E4DC	fGameMenu	owned
0054E8C4	fFilmFile	owned
0054F2E0	fIntroduction	owned
0054FAA0	fGameLoad	owned
005529B0	fSaveManager	owned
00555BBC	fCommand	owned
00557894	fLoad	owned
00559C10	fHangar	owned
0055A274	fJump	owned
0055E1B4	fGalaxy2	owned
0055E1EC	sb_W01	pool
0055FC0C	fMainForm	owned
00561740	fFilm	owned
00561A38	aEFilmEnd	owned
00564314	SE_Weapon	owned
005656CC	aEObjInfo	owned
00574BE4	fStarMap	owned
00578684	fGov	owned
0057E764	fTalk	owned
00583218	fScaner	owned
005848B4	aRuinsRC	owned
00585774	GI_CountBox	owned
0058F19C	fShip2	owned
00592D70	aPirate	owned
00593B88	aRuins	owned
00594294	SE_Ruins	owned
00597C98	aTransport	owned
005A6130	aRanger	owned
005AA998	aNormalShip	owned
005BEAC8	aShip	owned
005BF468	aPath	owned
005C8C54	aPlanet	owned
005C97B4	aAsteroid	owned
005C9CEC	SE_Asteroid	owned
005CD8A8	fGoodsShop	owned
005D042C	fEquipmentShop	owned
005D0D50	fPanelRuins	owned
005D1500	SE_Sputnik	owned
005E1458	aItem	owned
005E2344	aArtifact	owned
005E28E8	ThreadCalc	owned
005E2920	GR_RectWin	pool
005E4ECC	CheatCode	owned
005FDB2C	aGalaxy	owned
005FF9C4	aEFilm	owned
006000B0	SE_Hole	owned
00600804	SE_Star	owned
00601424	fPlanetNO	owned
0060228C	fPlanet	owned
00602D70	fPanelPlanet	owned
00604CFC	fPanelMain	owned
00606D68	fGameSettings	owned
00608D84	SE_Planet	owned
0060AF14	SE_Ship2	owned
0060B48C	SE_Container	owned
0060B7A0	SE_StarsField	owned
0060BA88	SE_BGObj	owned
0060CF30	SE_Comet	owned
0060DF0C	SE_Angel	owned
0060E6AC	SE_Meteorite	owned
0060F814	SE_Process	owned
006133CC	aConst	owned
00615554	SE_Space	owned
0061558C	GR_DXBuf	pool
006155C4	EC_FileEx	pool
00615874	Rangers	owned
